G0040043_01_01.png,Mowed
G0040043_01_02.png,Mowed
G0040043_01_03.png,Mowed
G0040043_01_04.png,Mowed
G0040043_01_05.png,Mowed
G0040043_02_01.png,Mowed
G0040043_02_02.png,Mowed
G0040043_02_03.png,Mowed
G0040043_02_04.png,Mowed
G0040043_02_05.png,Mowed
G0040043_03_01.png,Mowed
G0040043_03_02.png,Mowed
G0040043_03_03.png,Mowed
G0040043_03_04.png,Mowed
G0040043_03_05.png,Mowed
G0040043_04_01.png,Mowed
G0040043_04_02.png,Mowed
G0040043_04_03.png,Mowed
G0040043_04_04.png,Mowed
G0040043_04_05.png,Mowed
G0040043_05_01.png,Mowed
G0040043_05_02.png,Mowed
G0040043_05_03.png,Mowed
G0040043_05_04.png,Mowed
G0040043_05_05.png,Mowed
G0060077_01_01.png,Mowed
G0060077_01_02.png,Mowed
G0060077_01_03.png,Mowed
G0060077_01_04.png,Mowed
G0060077_01_05.png,Mowed
G0060077_02_01.png,Mowed
G0060077_02_02.png,Mowed
G0060077_02_03.png,Mowed
G0060077_02_04.png,Mowed
G0060077_02_05.png,Mowed
G0060077_03_01.png,Mowed
G0060077_03_02.png,Mowed
G0060077_03_03.png,Mowed
G0060077_03_04.png,Mowed
G0060077_03_05.png,Mowed
G0060077_04_01.png,Mowed
G0060077_04_02.png,Mowed
G0060077_04_03.png,Mowed
G0060077_04_04.png,Mowed
G0060077_04_05.png,Mowed
G0060077_05_01.png,Mowed
G0060077_05_02.png,Mowed
G0060077_05_03.png,Mowed
G0060077_05_04.png,Mowed
G0060077_05_05.png,Mowed
